SMILES,Name,title,MW,LogP,TPSA,HBA,HBD,RotBonds,NumRings,QED,SAscore,PCA_1,PCA_2,docking_score,docking_success
ClC1=CC(Cl)=C(OC)C=C1NC3=C(C#N)C=NC2=CC(OCCCN4CCN(C)CC4)=C(OC)C=C23,Bosutinib,Bosutinib,530.4560000000005,5.1903800000000055,82.88,8,1,9,4,0.37882892619940756,2.623368421680496,10.597525658705027,-6.463894105279882,-7.3,True
CC1=NC(NC2=NC=C(C(NC3=C(C=CC=C3Cl)C)=O)S2)=CC(N4CCN(CC4)CCO)=N1,Dasatinib,Dasatinib,488.0170000000004,3.313540000000002,106.50999999999999,9,3,7,4,0.46571730609788475,2.649762485659984,4.521006131291572,10.529161474831874,-8.1,True
NC1=NC=NC2=C1C(C3=C4C(C=CC=C4)=CC=C3)=NN2C(C)(C)C,1-Naphthyl_PP1,1-Naphthyl_PP1,317.39600000000013,3.9837000000000025,69.62,5,1,1,4,0.576208338553045,2.3784063334017826,-6.454180856587725,-6.480959645311393,-7.8,True
O=C(NCCO)C1=CC(C2=NC=NC(NC3=CC=C(OC(F)(F)F)C=C3)=C2)=CC=C1,GNF5,GNF5,418.37500000000006,3.507900000000002,96.37,6,3,7,3,0.5435473060248903,2.2896077883942993,-8.664350933408876,2.415692275759405,-7.8,True
